<application>
  <component name="FileTypeManager" version="17">
    <ignoreFiles list="*.classpath;*.gitignore;*.hprof;*.idea;*.iml;*.mvn;*.project;*.pyc;*.pyo;*.rbc;*.settings;*.tern-project;*.yarb;*~;.DS_Store;.git;.hg;.svn;CVS;WebRoot;__pycache__;_svn;mvnw*;vssver.scc;vssver2.scc;" />
    <extensionMap>
      <mapping ext="gradle.kts" type="Kotlin" />
      <mapping ext="ser" type="PLAIN_TEXT" />
      <mapping ext="jasper" type="PLAIN_TEXT" />
      <mapping ext="key" type="PLAIN_TEXT" />
      <mapping ext="userrepository" type="PLAIN_TEXT" />
      <mapping ext="" type="PLAIN_TEXT" />
      <removed_mapping ext="log" approved="true" type="PLAIN_TEXT" />
      <removed_mapping ext="cmd" approved="true" type="PLAIN_TEXT" />
      <removed_mapping ext="bat" approved="true" type="PLAIN_TEXT" />
      <removed_mapping ext="bat" approved="true" type="PLAIN_TEXT" />
      <removed_mapping ext="log" approved="true" type="PLAIN_TEXT" />
      <removed_mapping ext="dockerfile" approved="true" type="textmate" />
      <removed_mapping ext="makefile" approved="true" type="textmate" />
      <removed_mapping ext="cmd" approved="true" type="PLAIN_TEXT" />
      <removed_mapping ext="snakefile" approved="true" type="textmate" />
    </extensionMap>
  </component>
</application>