<application>
  <component name="FindSettings">
    <option name="customScope" value="All Places" />
    <option name="defaultScopeName" value="All Places" />
    <option name="SEARCH_SCOPE" value="All Places" />
    <mask>*.as</mask>
    <mask>*.mxml</mask>
    <mask>*Dao.java</mask>
    <mask>mappers/*.xml</mask>
    <mask>*.css</mask>
    <mask>*.*</mask>
    <mask>*.yml</mask>
    <mask>*.js</mask>
    <mask>*.html</mask>
    <mask>*.bpmn</mask>
    <mask>*.vue</mask>
    <mask>*.sql</mask>
    <mask>*.properties</mask>
    <mask>*.jsp</mask>
    <mask>*.java</mask>
    <mask>*.xml</mask>
  </component>
</application>