<application>
  <component name="IntentionManagerSettings">
    <ignoreAction name="Java/Control Flow/Unroll loop" />
    <ignoreAction name="Java/Refactorings/Introduce local variable" />
    <ignoreAction name="Java/Control Flow/Iterate" />
    <ignoreAction name="Java/Control Flow/Extract to method reference" />
    <ignoreAction name="Groovy/Control Flow/Invert 'if' condition" />
    <ignoreAction name="Java/Control Flow/Invert 'if' condition" />
    <ignoreAction name="XML/Insert namespace prefix" />
    <ignoreAction name="JSP/Replace with Jsp comment" />
    <ignoreAction name="JavaScript/Edit values of object literal properties" />
    <ignoreAction name="Java/Modifiers/Change access modifier" />
    <ignoreAction name="XML/Rearrange tag attributes" />
    <ignoreAction name="XML/Remove attribute" />
    <ignoreAction name="Java/Declaration/Split declaration" />
    <ignoreAction name="XML/Remove tag" />
  </component>
</application>