<application>
  <component name="ProjectJdkTable">
    <jdk version="2">
      <name value="1.8" />
      <type value="JavaSDK" />
      <version value="java version &quot;1.8.0_131&quot;" />
      <homePath value="D:/environments/java/jdk1.8.0_131" />
      <roots>
        <annotationsPath>
          <root type="composite">
            <root url="jar://$APPLICATION_HOME_DIR$/plugins/java/lib/jdkAnnotations.jar!/" type="simple" />
          </root>
        </annotationsPath>
        <classPath>
          <root type="composite">
            <root url="jar://D:/environments/java/jdk1.8.0_131/jre/lib/charsets.jar!/" type="simple" />
            <root url="jar://D:/environments/java/jdk1.8.0_131/jre/lib/deploy.jar!/" type="simple" />
            <root url="jar://D:/environments/java/jdk1.8.0_131/jre/lib/ext/access-bridge-64.jar!/" type="simple" />
            <root url="jar://D:/environments/java/jdk1.8.0_131/jre/lib/ext/cldrdata.jar!/" type="simple" />
            <root url="jar://D:/environments/java/jdk1.8.0_131/jre/lib/ext/dnsns.jar!/" type="simple" />
            <root url="jar://D:/environments/java/jdk1.8.0_131/jre/lib/ext/jaccess.jar!/" type="simple" />
            <root url="jar://D:/environments/java/jdk1.8.0_131/jre/lib/ext/jfxrt.jar!/" type="simple" />
            <root url="jar://D:/environments/java/jdk1.8.0_131/jre/lib/ext/localedata.jar!/" type="simple" />
            <root url="jar://D:/environments/java/jdk1.8.0_131/jre/lib/ext/nashorn.jar!/" type="simple" />
            <root url="jar://D:/environments/java/jdk1.8.0_131/jre/lib/ext/sunec.jar!/" type="simple" />
            <root url="jar://D:/environments/java/jdk1.8.0_131/jre/lib/ext/sunjce_provider.jar!/" type="simple" />
            <root url="jar://D:/environments/java/jdk1.8.0_131/jre/lib/ext/sunmscapi.jar!/" type="simple" />
            <root url="jar://D:/environments/java/jdk1.8.0_131/jre/lib/ext/sunpkcs11.jar!/" type="simple" />
            <root url="jar://D:/environments/java/jdk1.8.0_131/jre/lib/ext/zipfs.jar!/" type="simple" />
            <root url="jar://D:/environments/java/jdk1.8.0_131/jre/lib/javaws.jar!/" type="simple" />
            <root url="jar://D:/environments/java/jdk1.8.0_131/jre/lib/jce.jar!/" type="simple" />
            <root url="jar://D:/environments/java/jdk1.8.0_131/jre/lib/jfr.jar!/" type="simple" />
            <root url="jar://D:/environments/java/jdk1.8.0_131/jre/lib/jfxswt.jar!/" type="simple" />
            <root url="jar://D:/environments/java/jdk1.8.0_131/jre/lib/jsse.jar!/" type="simple" />
            <root url="jar://D:/environments/java/jdk1.8.0_131/jre/lib/management-agent.jar!/" type="simple" />
            <root url="jar://D:/environments/java/jdk1.8.0_131/jre/lib/plugin.jar!/" type="simple" />
            <root url="jar://D:/environments/java/jdk1.8.0_131/jre/lib/resources.jar!/" type="simple" />
            <root url="jar://D:/environments/java/jdk1.8.0_131/jre/lib/rt.jar!/" type="simple" />
            <root url="jar://D:/environments/java/jdk1.8.0_131/jre/lib/ext/jna-5.6.0.jar!/" type="simple" />
            <root url="jar://D:/environments/java/jdk1.8.0_131/jre/lib/ext/jna-platform-5.6.0.jar!/" type="simple" />
          </root>
        </classPath>
        <javadocPath>
          <root type="composite" />
        </javadocPath>
        <sourcePath>
          <root type="composite">
            <root url="jar://D:/environments/java/jdk1.8.0_131/src.zip!/" type="simple" />
            <root url="jar://D:/environments/java/jdk1.8.0_131/javafx-src.zip!/" type="simple" />
            <root url="jar://D:/environments/java/jdk1.8.0_131/jre/lib/ext/jna-master.zip!/jna-master/ant-tools-src" type="simple" />
            <root url="jar://D:/environments/java/jdk1.8.0_131/jre/lib/ext/jna-master.zip!/jna-master/contrib/alphamaskdemo" type="simple" />
            <root url="jar://D:/environments/java/jdk1.8.0_131/jre/lib/ext/jna-master.zip!/jna-master/contrib/balloonmanagerdemo" type="simple" />
            <root url="jar://D:/environments/java/jdk1.8.0_131/jre/lib/ext/jna-master.zip!/jna-master/contrib/balloontips" type="simple" />
            <root url="jar://D:/environments/java/jdk1.8.0_131/jre/lib/ext/jna-master.zip!/jna-master/contrib/dnddemo" type="simple" />
            <root url="jar://D:/environments/java/jdk1.8.0_131/jre/lib/ext/jna-master.zip!/jna-master/contrib/monitordemo/src" type="simple" />
            <root url="jar://D:/environments/java/jdk1.8.0_131/jre/lib/ext/jna-master.zip!/jna-master/contrib/msoffice/src" type="simple" />
            <root url="jar://D:/environments/java/jdk1.8.0_131/jre/lib/ext/jna-master.zip!/jna-master/contrib/native_window_msg/src" type="simple" />
            <root url="jar://D:/environments/java/jdk1.8.0_131/jre/lib/ext/jna-master.zip!/jna-master/contrib/ntservice/src" type="simple" />
            <root url="jar://D:/environments/java/jdk1.8.0_131/jre/lib/ext/jna-master.zip!/jna-master/contrib/platform/src" type="simple" />
            <root url="jar://D:/environments/java/jdk1.8.0_131/jre/lib/ext/jna-master.zip!/jna-master/contrib/platform/test" type="simple" />
            <root url="jar://D:/environments/java/jdk1.8.0_131/jre/lib/ext/jna-master.zip!/jna-master/contrib/shapedwindowdemo" type="simple" />
            <root url="jar://D:/environments/java/jdk1.8.0_131/jre/lib/ext/jna-master.zip!/jna-master/contrib/w32keyhook" type="simple" />
            <root url="jar://D:/environments/java/jdk1.8.0_131/jre/lib/ext/jna-master.zip!/jna-master/contrib/w32printing/src" type="simple" />
            <root url="jar://D:/environments/java/jdk1.8.0_131/jre/lib/ext/jna-master.zip!/jna-master/contrib/x11/src" type="simple" />
            <root url="jar://D:/environments/java/jdk1.8.0_131/jre/lib/ext/jna-master.zip!/jna-master/src" type="simple" />
            <root url="jar://D:/environments/java/jdk1.8.0_131/jre/lib/ext/jna-master.zip!/jna-master/test" type="simple" />
          </root>
        </sourcePath>
      </roots>
      <additional />
    </jdk>
  </component>
</application>