<application>
  <component name="PowerModeII">
    <option name="bamEnabled" value="false" />
    <option name="customBamImageFolder" value="D:\environments\ideaIU-2019.3.5.win\jbr\bin" />
    <option name="customFlameImageFolder" value="D:\environments\ideaIU-2019.3.5.win\jbr\bin" />
    <option name="flamesEnabled" value="false" />
    <option name="maybeElementOfPowerContainerManager">
      <Optional />
    </option>
    <option name="shakeEnabled" value="false" />
  </component>
</application>