<keymap version="1" name="shkstart" parent="Eclipse">
  <action id="AddToFavoritesPopup" />
  <action id="Arrangement.Alias.Rule.Match.Condition.Move.Up" />
  <action id="Arrangement.Rule.Edit">
    <keyboard-shortcut first-keystroke="shift ctrl back_quote" />
  </action>
  <action id="Arrangement.Rule.Match.Condition.Move.Down" />
  <action id="Arrangement.Rule.Match.Condition.Move.Up" />
  <action id="CallHierarchy">
    <keyboard-shortcut first-keystroke="shift ctrl h" />
  </action>
  <action id="CallHierarchy.BaseOnThisType" />
  <action id="ChangeSignature" />
  <action id="ChangesView.ShelveSilently" />
  <action id="ClassNameCompletion">
    <keyboard-shortcut first-keystroke="alt slash" />
  </action>
  <action id="CloseActiveTab">
    <keyboard-shortcut first-keystroke="ctrl m" />
  </action>
  <action id="CloseAllEditors">
    <keyboard-shortcut first-keystroke="shift ctrl w" />
  </action>
  <action id="CloseContent">
    <keyboard-shortcut first-keystroke="ctrl w" />
  </action>
  <action id="CollapseAllRegions">
    <keyboard-shortcut first-keystroke="shift alt c" />
    <keyboard-shortcut first-keystroke="shift ctrl minus" />
  </action>
  <action id="CommentByLineComment">
    <keyboard-shortcut first-keystroke="shift ctrl c" />
  </action>
  <action id="CompileDirty">
    <keyboard-shortcut first-keystroke="ctrl f9" />
    <keyboard-shortcut first-keystroke="ctrl b" />
    <keyboard-shortcut first-keystroke="shift ctrl s" />
  </action>
  <action id="Console.Jpa.GenerateSql" />
  <action id="Console.TableResult.EditValue">
    <keyboard-shortcut first-keystroke="enter" />
    <keyboard-shortcut first-keystroke="alt enter" />
  </action>
  <action id="ConsoleView.ClearAll">
    <keyboard-shortcut first-keystroke="alt s" />
  </action>
  <action id="ContextHelp">
    <keyboard-shortcut first-keystroke="ctrl f1" />
  </action>
  <action id="CopyPaths">
    <keyboard-shortcut first-keystroke="alt c" />
  </action>
  <action id="Debug">
    <keyboard-shortcut first-keystroke="shift alt d" />
    <keyboard-shortcut first-keystroke="shift f9" />
    <keyboard-shortcut first-keystroke="alt z" />
    <keyboard-shortcut first-keystroke="f11" />
  </action>
  <action id="EditorChooseLookupItemCompleteStatement" />
  <action id="EditorCompleteStatement" />
  <action id="EditorScrollToCenter" />
  <action id="EditorSelectWord">
    <keyboard-shortcut first-keystroke="alt w" />
  </action>
  <action id="EditorStartNewLineBefore">
    <keyboard-shortcut first-keystroke="shift ctrl enter" />
  </action>
  <action id="EditorToggleCase">
    <keyboard-shortcut first-keystroke="shift ctrl x" />
  </action>
  <action id="EditorUnSelectWord" />
  <action id="EvaluateExpression">
    <keyboard-shortcut first-keystroke="alt t" />
  </action>
  <action id="ExpandAllRegions">
    <keyboard-shortcut first-keystroke="shift alt x" />
    <keyboard-shortcut first-keystroke="shift ctrl equals" />
  </action>
  <action id="Find">
    <keyboard-shortcut first-keystroke="alt f" />
  </action>
  <action id="FindInPath">
    <keyboard-shortcut first-keystroke="ctrl h" />
    <keyboard-shortcut first-keystroke="ctrl alt i" />
  </action>
  <action id="Generate">
    <keyboard-shortcut first-keystroke="shift alt s" />
  </action>
  <action id="Git.Reword.Commit">
    <keyboard-shortcut first-keystroke="shift alt r" />
    <keyboard-shortcut first-keystroke="f2" />
  </action>
  <action id="GotoImplementation">
    <keyboard-shortcut first-keystroke="ctrl t" />
    <mouse-shortcut keystroke="control button3" />
  </action>
  <action id="GotoNextError">
    <keyboard-shortcut first-keystroke="shift ctrl q" />
  </action>
  <action id="HippieCompletion" />
  <action id="InspectCode">
    <keyboard-shortcut first-keystroke="shift alt a" />
  </action>
  <action id="IntroduceField">
    <keyboard-shortcut first-keystroke="shift alt f" />
  </action>
  <action id="JRebel Debug">
    <keyboard-shortcut first-keystroke="alt f3" />
  </action>
  <action id="Maven.Reimport">
    <keyboard-shortcut first-keystroke="alt k" />
  </action>
  <action id="MethodHierarchy">
    <keyboard-shortcut first-keystroke="ctrl alt h" />
  </action>
  <action id="MoveElementLeft" />
  <action id="MoveElementRight" />
  <action id="MoveLineDown">
    <keyboard-shortcut first-keystroke="alt down" />
  </action>
  <action id="MoveLineUp">
    <keyboard-shortcut first-keystroke="alt up" />
  </action>
  <action id="MoveStatementDown">
    <keyboard-shortcut first-keystroke="shift alt down" />
  </action>
  <action id="MoveStatementUp">
    <keyboard-shortcut first-keystroke="shift alt up" />
  </action>
  <action id="OptimizeImports">
    <keyboard-shortcut first-keystroke="shift ctrl o" />
  </action>
  <action id="ParameterInfo">
    <keyboard-shortcut first-keystroke="ctrl alt slash" />
  </action>
  <action id="QuickActionPopup" />
  <action id="QuickJavaDoc">
    <mouse-shortcut keystroke="alt button2" />
    <keyboard-shortcut first-keystroke="shift ctrl space" />
  </action>
  <action id="RenameElement">
    <keyboard-shortcut first-keystroke="shift alt r" />
    <keyboard-shortcut first-keystroke="f2" />
  </action>
  <action id="ReplaceInPath">
    <keyboard-shortcut first-keystroke="alt h" />
  </action>
  <action id="RevealIn">
    <keyboard-shortcut first-keystroke="alt x" />
  </action>
  <action id="Run">
    <keyboard-shortcut first-keystroke="alt r" />
  </action>
  <action id="ScrollTreeToCenter" />
  <action id="ShelveChanges.UnshelveWithDialog" />
  <action id="ShelvedChanges.Rename">
    <keyboard-shortcut first-keystroke="shift alt r" />
    <keyboard-shortcut first-keystroke="f2" />
  </action>
  <action id="ShowContent" />
  <action id="ShowErrorDescription">
    <keyboard-shortcut first-keystroke="f1" />
  </action>
  <action id="ShowIntentionActions">
    <keyboard-shortcut first-keystroke="alt enter" />
    <keyboard-shortcut first-keystroke="shift alt j" />
  </action>
  <action id="ShowPopupMenu">
    <keyboard-shortcut first-keystroke="ctrl n" />
    <keyboard-shortcut first-keystroke="ctrl f10" />
    <keyboard-shortcut first-keystroke="shift alt t" />
  </action>
  <action id="SplitHorizontally">
    <keyboard-shortcut first-keystroke="alt add" />
  </action>
  <action id="SplitVertically">
    <keyboard-shortcut first-keystroke="alt subtract" />
  </action>
  <action id="Stop">
    <keyboard-shortcut first-keystroke="alt f2" />
  </action>
  <action id="Synchronize">
    <keyboard-shortcut first-keystroke="alt v" />
  </action>
  <action id="Unwrap" />
  <action id="Vcs.Log.ShowAllAffected" />
  <action id="Vcs.ShowMessageHistory">
    <keyboard-shortcut first-keystroke="ctrl e" />
  </action>
  <action id="VcsHistory.ShowAllAffected" />
  <action id="WebOpenInAction" />
  <action id="XDebugger.SetValue" />
  <action id="context.save" />
  <action id="mybatis.AutoCoding">
    <keyboard-shortcut first-keystroke="alt g" />
  </action>
</keymap>