<toolSet name="External Tools">
  <tool name="javap" showInMainMenu="false" showInEditor="false" showInProject="false" showInSearchPopup="false" disabled="true" useConsole="true" showConsoleOnStdOut="false" showConsoleOnStdErr="false" synchronizeAfterRun="true">
    <exec>
      <option name="COMMAND" value="$JDKPath$\bin\javap.exe" />
      <option name="PARAMETERS" value="-c $FileClass$" />
      <option name="WORKING_DIRECTORY" value="$OutputPath$" />
    </exec>
  </tool>
  <tool name="javah" showInMainMenu="false" showInEditor="false" showInProject="false" showInSearchPopup="false" disabled="true" useConsole="true" showConsoleOnStdOut="false" showConsoleOnStdErr="false" synchronizeAfterRun="true">
    <exec>
      <option name="COMMAND" value="D:\environments\java\jdk1.8.0_131\bin\javah.exe" />
      <option name="PARAMETERS" value="-jni -classpath $OutputPath$ -d $FileDir$ $FileClass$" />
      <option name="WORKING_DIRECTORY" value="$ProjectFileDir$" />
    </exec>
  </tool>
  <tool name="gcc" showInMainMenu="false" showInEditor="false" showInProject="false" showInSearchPopup="false" disabled="true" useConsole="true" showConsoleOnStdOut="false" showConsoleOnStdErr="false" synchronizeAfterRun="true">
    <exec>
      <option name="COMMAND" value="D:\MySoft\mingw64\bin\gcc.exe" />
      <option name="PARAMETERS" value="-shared -I&quot;$JDKPath$\include&quot; -I&quot;$JDKPath$\include\win32&quot; $FileDir$\$FileName$ -o D:\MySoft\mingw64\dll\$FileNameWithoutAllExtensions$.dll" />
      <option name="WORKING_DIRECTORY" value="D:/MySpace/demo/src/main/java/com/example/demo/jni" />
    </exec>
  </tool>
</toolSet>